{"0": {"epoch_train_loss": 0.6920983195304871, "epoch_val_loss": 0.6841380000114441, "epoch_accuracy": 0.5365851521492004, "epoch_val_accuracy": 0.5525000095367432}, "1": {"epoch_train_loss": 0.6838136315345764, "epoch_val_loss": 0.6757049560546875, "epoch_accuracy": 0.5580487251281738, "epoch_val_accuracy": 0.5874999761581421}, "2": {"epoch_train_loss": 0.6774945855140686, "epoch_val_loss": 0.675194263458252, "epoch_accuracy": 0.5658534169197083, "epoch_val_accuracy": 0.5499999523162842}, "3": {"epoch_train_loss": 0.6757033467292786, "epoch_val_loss": 0.6661914587020874, "epoch_accuracy": 0.5653656721115112, "epoch_val_accuracy": 0.5850000381469727}, "4": {"epoch_train_loss": 0.6685781478881836, "epoch_val_loss": 0.6781952381134033, "epoch_accuracy": 0.5721949934959412, "epoch_val_accuracy": 0.5324999690055847}, "5": {"epoch_train_loss": 0.6736928820610046, "epoch_val_loss": 0.6565104722976685, "epoch_accuracy": 0.568292498588562, "epoch_val_accuracy": 0.5874999761581421}, "6": {"epoch_train_loss": 0.662022054195404, "epoch_val_loss": 0.6428487300872803, "epoch_accuracy": 0.5951218605041504, "epoch_val_accuracy": 0.6324999928474426}, "7": {"epoch_train_loss": 0.6556931734085083, "epoch_val_loss": 0.6424967050552368, "epoch_accuracy": 0.6092681884765625, "epoch_val_accuracy": 0.6250000596046448}, "8": {"epoch_train_loss": 0.6542470455169678, "epoch_val_loss": 0.6318804621696472, "epoch_accuracy": 0.6131705045700073, "epoch_val_accuracy": 0.637499988079071}, "9": {"epoch_train_loss": 0.6496549248695374, "epoch_val_loss": 0.6314605474472046, "epoch_accuracy": 0.6131705641746521, "epoch_val_accuracy": 0.6325000524520874}, "10": {"epoch_train_loss": 0.6453760862350464, "epoch_val_loss": 0.6241744160652161, "epoch_accuracy": 0.620487630367279, "epoch_val_accuracy": 0.6499999761581421}, "11": {"epoch_train_loss": 0.6402744054794312, "epoch_val_loss": 0.6149992942810059, "epoch_accuracy": 0.620487630367279, "epoch_val_accuracy": 0.67249995470047}, "12": {"epoch_train_loss": 0.6347204446792603, "epoch_val_loss": 0.6111332178115845, "epoch_accuracy": 0.6370730400085449, "epoch_val_accuracy": 0.6774999499320984}, "13": {"epoch_train_loss": 0.632084846496582, "epoch_val_loss": 0.6037986874580383, "epoch_accuracy": 0.6365852355957031, "epoch_val_accuracy": 0.6799999475479126}, "14": {"epoch_train_loss": 0.6305429935455322, "epoch_val_loss": 0.616544783115387, "epoch_accuracy": 0.6312194466590881, "epoch_val_accuracy": 0.6500000357627869}, "15": {"epoch_train_loss": 0.6318801045417786, "epoch_val_loss": 0.6006088256835938, "epoch_accuracy": 0.6258535385131836, "epoch_val_accuracy": 0.6674999594688416}, "16": {"epoch_train_loss": 0.6252442598342896, "epoch_val_loss": 0.612515926361084, "epoch_accuracy": 0.6370730400085449, "epoch_val_accuracy": 0.6424999833106995}, "17": {"epoch_train_loss": 0.6160855293273926, "epoch_val_loss": 0.5975092053413391, "epoch_accuracy": 0.6531705260276794, "epoch_val_accuracy": 0.6875}, "18": {"epoch_train_loss": 0.6242895722389221, "epoch_val_loss": 0.5989906787872314, "epoch_accuracy": 0.6546341180801392, "epoch_val_accuracy": 0.6774999499320984}, "19": {"epoch_train_loss": 0.6202144026756287, "epoch_val_loss": 0.592621922492981, "epoch_accuracy": 0.651219367980957, "epoch_val_accuracy": 0.6974999904632568}, "20": {"epoch_train_loss": 0.6148357391357422, "epoch_val_loss": 0.6107051968574524, "epoch_accuracy": 0.6531705260276794, "epoch_val_accuracy": 0.6499999761581421}}